memory,4gb,8gb
camera,megapixel,1mp
windows,mac
card,gift
apple,ipod,iphone,ipad
nintendo,ds,wii,nintendogs,3ds
drive,hard,500gb
battery,lithium,ion,lenmar
hard,drive
steel,stainless
stainless,steel
playstation,xbox,360,psp,gamecube,ps2
lens,slr,dslr,28mm,telephoto,100mm,210mm,200mm,300mm,vrii,55mm,lenses
refrigerator,refrigerators,cu,ft,side
blue,red
ipod,apple,iphone
side,by,door,refrigerator,satina,ice2o,ultrafinish,customstyle,monochromatic
select,for
game,guide
cable,icable,cablelinks
xbox,360,playstation
hdtv,720p,1080p,480hz,class,480p,60hz,edtv
processor,intel,core
class,hdtv,480hz,1080p,720p
canon,powershot,eos
nikon,coolpix
player,mp3
whirlpool,maytag,biscuit
home,theater
intel,processor,intelÂ,core,i5,i7,pentium
headphones,earbud,headphone,ear
monitor,lcd
most,for
gift,buy,best,gc,card
frigidaire,gallery,maytag
best,buy,gift,gc
size,full,string
ipad,apple,ipadÂ
flat,panel,tvs
panel,flat,tvs
door,side,thru,ice2o
iphone,4s,apple,ipod
cleaning,self,accubake
freestanding,accubake,self
full,size,string
mouse,optical
lithium,ion,lenmar,infolithium,battery
megapixel,camera
camcorder,palmcorder,handycam,camcorders,07mp,everio,gzmg130us
cycle,washer,efficiency,steamwasher,dryer,supersize,steamdryer,cabrio,capacity,colossal
self,freestanding,accubake,cleaning
string,size,full,cutaway,honeyburst,amberburst,schecter
theater,home
pink,purple
kitchenaid,architect
dryer,cycle,washer,steamdryer,steamwasher,gas,laundry
core,intel,processor,i5,i7,coreâ
printer,jetprinter
1080p,480hz,120hz,hdtv,240hz,720p,480p,60hz,class
pair,way
dishwasher,tub,tall
lenmar,lithium,ion,battery
vehicles,later,isuzu,1990,1993,volkswagen,toyota,1997,metra,honda,1989,1985,hyundai,1984,audi,1992,1998,installation,1986,nissan,pontiac,plymouth,acura,lexus,mazda,kia,gm
thru,door
profile,ge
microwave,microwaves,ovens
speakers,way
oven,convection,ovens
capacity,cycle
maytag,whirlpool,frigidaire,bisque
generation,4th,3rd,generations
cordless,dect,answering
amplifier,amplifiers,preamplifier
disc,discgear
keyboard,keyboards
games,trademark
leather,leatherskin
tall,tub,dishwasher
dell,inspiron
guide,game,gamecube
clock,alarm,clocky
cartridge,cartridges,ink
trademark,games,billiard
convection,oven,accubake,ovens
monster,monsters
music,sheet
subwoofer,subwoofers
bisque,cleansteel,ge,biscuit,maytag
500gb,320gb,750gb,640gb,1tb,400gb,200gb,300gb,drive
metra,later,vehicles,isuzu,scosche,volkswagen,1990,installation,1984,1993,toyota,1989,1985,1992,1998
installation,vehicles,metra,install
60hz,720p,480hz,120hz,240hz,hdtv,1080p,600hz
dslr,slr,300mm,lens,vrii,a77,250mm,200mm,85mm
pavilion,hp
earbud,headphones,headphone
leonard,hal,songbook,sheet,various
motorola,razr
washer,cycle,efficiency,steamwasher,dryer,washers
receiver,receive,receivers
widescreen,tft
kodak,easyshare
advance,boy,gamecube
state,ohio,michigan
headset,headsets,plantronics
notebook,notebooks
cases,gator
microphone,microphones
watch,schedule
garmin,nüvi,gps,gpsmap
720p,60hz,hdtv,480p,1080p,480hz,class
purple,pink
300mm,200mm,100mm,85mm,250mm,dslr,500mm,slr,210mm,400mm,vrii,900mm,70mm,telephoto,lens,105mm,a77,a65vk
filter,filters
netbook,jetbook
book,instructional
sheet,music,leonard,hal,various
team,scoreboard
cooktop,cooktops
200mm,300mm,100mm,500mm,210mm,85mm,250mm,50mm,400mm,900mm,vrii,lens,dslr,70mm,20mm,40mm
rebel,t2i,eos,t4i,t3,t1i,t3i,2762b003,dlsr,xsi
controller,controllers
expandable,dect,answering
scosche,metra
shot,cyber
insignia,coby
ultimate,ultimatum
voice,coil,ohm
16gb,8gb,32gb
steam,steamfast,steamwasher
inspiron,dell
coolpix,s4100,nikon,l24,l26,s3100,s210,l22,s6100,s6200,l810,s9100,l18
shell,fabshell,softshell
powershot,elph,sd1300is,sx230hs,sx30is,sx210is,sd1400is,sd1100is,300hs,sx150,a1100,230hs,sd1200,sx260,sd780,canon,a2200
cyber,w350,dsc,shot,w530,w370,wx9,w570,w310,h55,w610,w560,w230,s750,w220,t99
dect,answering,dect2000,expandable,gigaset,handset,9ghz,gigarange,cordless
architect,kitchenaid,architectural
vacuum,bagless,canister,vacuums,hepa,bagged
freezer,freezers
blackberry,9630,8530,curve,8520,8900
instant,savings
hits,greatest
fender,stratocaster
remote,remotes
protector,protectors,protect
optical,mouse
wild,sales
outdoor,outdoors,indoor
schecter,damien,hellraiser,sgr,string
scanner,scanners,scanning
maker,breadmaker
gamecube,advance,boy,playstation,guide
paper,papershow
drum,drumfire
color,datacolor
120hz,240hz,480hz,1080p,60hz,hz,600hz
recorder,recorders
mosfet,mosfet50,bridgeable
biscuit,whirlpool,bisque
upright,bagless
each,loudspeaker,loudspeakers
projector,projecta,projectors,dlp,dmd
acer,aspire,iconia
hood,externally,hoods,broan
audioquest,vodka
catz,mad
router,linksys,vpn
pangea,brands,protoast,fanjams,sandwich
graphics,gddr3,gddr2,graphic,ddr5,gddr5,geforce,pci,radeon,x16,5670,5870
milliken,rug,schedule,tailgate
rechargeable,rechargable
easyshare,kodak,m863,m1063,m893,c813,m341
metallic,cosmetallic
cones,polypropylene,polyolefine,woofer,hcl,impp,aramid,drvn,olefin,basalt,cone
adobe,cs6,cs5,photoshop,cs4,lightroom,dreamweaver,upsell
320gb,500gb,250gb,400gb,640gb
savings,instant,98,dv2815nr,179,215nr,i1525,s6848,c714nr,s5895,177,169,a305d,a215,s7825,122,186,nr498e,178,c571nr,176,as5735
gator,cases
answering,dect,gigaset,gigarange,waiting,9ghz,expandable,tg6051,cordless,handset
atom,n270,n455
coil,ohm,ohms,voice,compvr,l7
kenwood,alpine
brother,brothers,mfc
desk,mydesk
frame,memoryframe
standard,standards
cymbal,cymbals,zildjian,zht,zbt,b8
lenovo,ideapad,ideacentre,thinkpad,thinkcentre
sales,tailgate,wild,statue
skullcandy,skullcrusher
brands,pangea,protoast,fanjams
york,yankees,jets,knicks,new,mets,giants,orleans,francisco
south,shore
lighting,chauvet,fixture,slimpar
beach,hamilton
alarm,clock,clocky
toaster,slice,toast,protoast,roaster
gallery,frigidaire
players,mp3
pedal,pedals
chair,boomchair
zagg,invisibleshield,invisible
squad,geek,squadÂ
polypropylene,cones,polyolefine,impp,hcl,cone,drvn
internal,serial
ethernet,etherfast,mbps
earbuds,buds,gumy
32gb,64gb,16gb
control,controls
grill,grills,grilling
cuisinart,cuisine
zildjian,cymbal,zht,zbt,zxt
scan,progressive,upconversion,divx,multiformat,jpeg
replacement,ereplacements
lowepro,aw
greatest,hits
behringer,eurolive
pentium,i3,intel
compaq,presario
conditioner,conditioners,condition,btu
reader,ereader
depth,counter
chicago,cubs,blackhawks,hawks,jayhawks,bulls,sox
slice,toaster,toast,protoast,slicer
antenna,antennas
skin,musicskins
nüvi,garmin,1300t,1300lm,1300lmt,friction,nuvi,1490t,gps,255wt
coffeemaker,brew,brewstation,cup
kicker,buttkicker
counter,depth,customstyle
geek,squad,squadÂ
wine,cellar,bottle
hepa,bagless,vacuum,canister
2007,2006,2008,2003,2009
multimedia,multimediacard
western,stern
strings,wound,phosphor
otterbox,commuter,defender,defenders
invisibleshield,zagg,invisible
netgear,cisco,linksys,etherfast,gigabit,rangemax
hamilton,beach
alpha,a350k,a330l,a300k,a77,a230l,a200k,a330,a35
city,chiefs,kansas
geforce,gtx,nvidia,gddr3,xlr8,8400gs,gts,896mb,gddr2,470,evga,nforce,ddr5,graphics,gddr5,oc,zt,275,zotac,xfx
d3100,d5100,d3000,d7000,a3100,a390
boelter,fridge
750gb,500gb,640gb,1tb,6gb,200gb,400gb
espresso,nespresso,espressione
fujifilm,finepix,xp20,z90,xp50
recliner,berkline,armless,sofa
progressive,scan,upconversion
640gb,750gb,500gb,320gb,1tb
creative,labs
call,caller,waiting
ddr3,gddr3,pc3,ddr2,10600,sdram,ddr5,udimm,gddr2,xms3,10666,12800,dimm
indoor,outdoor
kindle,amazon,kobo,readers
telephoto,slr,24mm,85mm,lens,100mm,105mm,300mm,if
packard,hewlett,photosmart
hewlett,packard
athlon,amd,sempron,2650e,turion
harness,wiring,1986,1985,1984,1987,aftermarket,1990
playback,atrac3plus,jpeg,wma,payback
lamp,tiffany
copier,c5280,dcp,fax,jetprinter,mfc,photocapture,intellifax
2004,2005,2003,2006,2001,2002
centrino,t2390
enclosure,enclosures,atrend
bagless,vacuum,hepa,upright,canister
bottle,bottled,cellar,wine
shore,south,cakao,vito
instructional,instruction,construction,instructor,book
component,components
finepix,fujifilm,z37,xp20,z90,xp50,z70,j10,jx310,j38,xp100
2008,2007,2010,2006,2009
various,artists,composers,sheet,leonard,hal,songs,famous
casio,exilim
berkline,armless,dolan,recliner,magnolia,sofa,theaterseatstore,curved
surge,surgearrest,outlet,outlets,surgemaster
2006,2005,2007,2004,2003,2008,2010,2009
2005,2004,2006,2003,2001,2002
straight,straightener
multifunction,multifunctional,function
design,logodesign
collector,collectors
cleaner,cleaners
tomtom,xxl
handycam,dcr,dvd610,dvd108,sr47,dvd650,sr45,sx41,camcorder,07mp,sr42,hdd
alpine,kenwood
magenta,cyan
chauvet,lighting,fixture,slimpar
linksys,cisco,netgear,etherfast,rangeplus,router
factory,factor
2009,2010,2008,2007,2006
dimm,udimm,sodimm,pc2,pc3200,xms3,pc6400,valueram,pc2700,pc3500,pc3,pc2100,xms,sdram,pc5300,10666,pc133,hyperx,10600,crucial,6400,ddr3,12800,ddr2
ddr2,gddr2,pc2,pc6400,pc3200,ddr3,pc5300,pc2700,sdram,udimm,sodimm,ddr5,6400,gddr3,pc3500,pc133,dimm
later,vehicles,metra,1990,toyota,isuzu,honda,1985,1986,hyundai,kia,1998,1993,plymouth,1994,volkswagen,1984,1999,1989,1982,1992,1988,1997,1996
radios,gmrs,frs,mile
seagate,freeagent,goflex,blackarmor
birthday,slaphappy,kwanzaa,cumpleaños
coby,insignia
rockford,fosgate,ohms,he2
fabrique,snuggie,schedule,pillow
personal,persona
drawer,drawers
pillow,fabrique,snuggie
diamond,diamondz
bridgeable,mosfet,bridging,multichannel,crossovers,ab,variable
heart,rate
contract,no,contractor
force,forces
machine,machines
aspire,acer
minnesota,tampa,twins,philadelphia,atlanta,pittsburgh,cincinnati,cleveland,phillies,timberwolves,louis,rockies,carolina,braves,arizona
2010,2009,2008,2011,2006
kitty,hello
sirius,siriusxm,siriusconnect
600hz,480hz,240hz,60hz,120hz
outlet,outlets,surgemaster,surgearrest,surge
hello,kitty
hosa,trs,xlr3m,xlr3f,beatport,tsf,rcaf
schedule,veteran,fabrique,watch,milliken,glitz
floor,floors
discs,minidiscs,dx103
corded,telephone
cooker,rice,slow,multicooker
hoover,windtunnel
512mb,1gb,256mb
boston,sox,celtics,bruins,philadelphia
angeles,los,angels,dodgers,lakers,badgers,angelz
55mm,f3,vrii,a55,c3k,lens
coaxial,drvn
ford,lincoln
washington,redskins,carolina,capitals,maryland,pittsburgh,nebraska,ohio,tennessee,cleveland,iowa,byu,connecticut,penn,steelers,baltimore
250mm,300mm,eos,t4i,60d,dlsr,t3i,200mm,135mm,18mp,85mm,t2i,t1i,100mm,50mm,210mm,dslr,vrii,40d,7d,150mm,70mm
250gb,320gb
volume,volumes
dragon,eragon,dragons
bissell,proheat
version,versions
mint,highland,framed
everio,gzmg330aus,gzmg330rus,gzmg330hus,gzmg130us,gzmg360bus,gz,gzms230,ms230,jvc,camcorder
polk,atrium
delonghi,kmix
bravia,xbr
weather,weatherband,weatheready,weathered
toner,ecotoneplus,laserjet,yield,faxes
console,consoles
2003,2004,2005,2002,2006,2001,2007
seat,seating,theaterseatstore
quart,slow
poker,chip
pickup,pickups,pickguard,humbucking,humbucker,emg,soapbar,duncan,seymour
gmrs,mile,frs,radios,microtalk,talkabout,midland
laserjet,officejet,toner,p1006,dcp,colorsphere
heater,safeheat
scoreboard,team
leapfrog,leapster,leapster2,leappad,didj
fosgate,rockford
lumix,zs8,fh5,dmc,gf3kk,fh24,gf2,zs10
designs,salamander,barcelona
8ghz,9ghz
serial,ata,internal
magellan,roadmate,gps
1000w,000w,800w,1200w,3000w,500w,4000w,1100w,900w,1800w,400w,1250w,420w,750w,1400w,300w,1500w,2000w,650w,1600w,450w,600w,360w,660w,760w,700w,720w,850w,200w,550w,560w
university,univ
slimline,trimline
detroit,houston,tigers
cyan,magenta
motherboard,1155,2133mhz,1066mhz,lga,1366,1866mhz,am3,533mhz,1066,1333,gigabyte,2133,matx,am2,1600mhz,2400mhz,1333mhz,chipset,775,2200mhz,itx,atx,2000mhz,socket,437,casterboard,x58,2600k,1156
elph,powershot,sx230hs,300hs,230hs,sx260,sd780,sd1400is,sd1300is,sx150,sd1200,sd1100is,a2200,sx210is,hs,selphy,a1100
spindle,encryptdisc,52x,16x,digitalmovie,48x,lightscribe,12x
philadelphia,phillies,bruins,minnesota,cubs,pittsburgh,eagles,flyers,dallas,twins,boston
highland,framed,gridiron,mint,rink,commemorative,coins,infield,etched
bose,acoustimass
2011,2010
sunburst,honeyburst,amberburst
mile,gmrs,frs,microtalk,talkabout,radios
curved,theaterseatstore,headliner,magnolia,berkline
adventure,adventures,advent
miami,kansas,atlanta,florida,arkansas,cincinnati
handset,handsets,kx,dect2000,dect,tg6051,gigaset,answering
carolina,florida,tennessee,arizona,arkansas,panthers,nebraska,kentucky,penn,washington,louisville,pittsburgh,maryland,dallas,kansas,bills,connecticut,wisconsin,cleveland,michigan,utah,iowa,oklahoma,minnesota,purdue,syracuse
support,jamstands
socket,lga,1155,1066mhz,1366,am2,am3,775,1866mhz,motherboard,1066,533mhz,2133mhz,2133,1333,437,2000mhz,2400mhz,chipset,itx,1600mhz
quickbooks,payroll,nonprofit
energizer,energi
dirt,devil
buffalo,bills,sabres
boombox,boombotix
dreadnought,dreadnaught,alvarez,wd10,parlor,wd7s
cutaway,string,honeyburst
complete,komplete
rate,heart
projection,projecta
glove,earglove
silicone,silicon
layer,18x,22x,12x,24x,8x,rw
256mb,512mb
seating,theaterseatstore,magnolia,seat
research,search
washburn,wd10,wd20,wd7s
battle,battles
tiffany,lamp
nvidia,geforce,8400gs,xlr8,470,gtx,nforce,gddr3,xfx,896mb,zotac,evga
multicolor,multicolored,tricolor,magicolor
space,spacer
furniture,whalen
wiring,harness,1986,1985,1984,1987,1990,1982,isuzu,volkswagen,1989,1992,plymouth,1993,subaru
charging,recharging
caller,waiting,id,call,speakerphone
sims,mysims
industries,industriell
norton,systemworks
shield,shields,snapshield
pedestal,pedestals
laundry,dryer
celestron,celestion,telescopes,telescope
salamander,designs,barcelona,elba,corsica
kansas,arkansas,chiefs,royals,oklahoma,cincinnati,jayhawks,arizona,bengals,seattle,reds,nebraska,louisville,miami,wisconsin,carolina,clemson,milwaukee,city,florida,byu,baltimore,louis,oakland
arizona,louisville,carolina,cardinals,louis,arkansas,tennessee,cleveland,louisiana,kansas,rams,diamondbacks,clemson,connecticut,kentucky,byu,nebraska,penn,dallas,minnesota
vented,externally
toss,tailgate
gddr5,ddr5,gddr3,gddr2,5670,5870,radeon,x16,470,5450,gtx,graphics,geforce,pci,4350,5770,agp,mhz,8400gs,896mb
diego,padres,francisco,san,49ers
monochromatic,satina,ice2o,cleansteel,side
devil,dirt
turion,amd,x2,rm,athlon
supply,atx12v,eps12v
essentio,cm5671,cm5675,cm1630,cg1330,cm1740,cm1730,cm6850,el1850,05
printers,faxes,jetprinter,ecotoneplus
presario,compaq,cq5600y,cq5500y,cq5700y,cq5814,cq60,cq50
kalorik,aztec
fridge,boelter
cincinnati,reds,bengals,kansas,baltimore,cardinals,tampa,cubs,rockies,atlanta,louis,minnesota,texans,byu,redskins,arkansas,louisville,tennessee,miami,milwaukee,royals,rams,jacksonville,twins,seattle
d5100,d7000,d3100,d3000,d3200,a55,vrii,a35,d5000dx
camcorders,camcorder
pittsburgh,steelers,philadelphia,carolina,washington,minnesota,seattle,orleans,penguins,maryland,oakland
direct,xmdirect,dvdirect
dart,billiard,pine
bodum,bistro,pavina,chambord
billiard,triangle,dart,cue,trademark
schmidt,oscar,alvarez,reissue,autoharp
photosmart,packard
mario,wario
giants,francisco,49ers,yankees,jets,mets,padres,york,san,seattle
explorer,explorers
adventures,adventure,advent
phenom,amd
oscar,schmidt,reissue,autoharp,alvarez
infinity,infinite
gigabit,vpn,l2,netgear,mbps,etherfast,600mw
conair,hair
cardinals,louis,rams,arizona,louisville,reds,cincinnati,bengals,st,ravens,colts,baltimore,cubs,redskins
theaterseatstore,magnolia,seating,headliner,curved,armless,seat,berkline
module,modules,modulr
atlanta,milwaukee,braves,cincinnati,minnesota,tampa,miami,falcons,ravens,cleveland,jayhawks,bengals
tampa,buccaneers,rays,bay,packers,minnesota,cincinnati,baltimore,atlanta,louis,twins
radar,detector
louis,cardinals,rams,st,arizona,louisville,cincinnati,tampa,minnesota,reds,bengals,milwaukee,kansas,colts,cubs
tiffen,82mm,77mm,72mm,67mm,52mm,62mm,58mm
riot,outfitters
64gb,32gb
tailgate,toss,sales,statue,milliken
faceplate,detachable
radeon,5670,5870,5450,ati,4350,ddr5,gddr5,gddr3,agp,gddr2,5770,xfx,x16,3450,graphics,visiontek,6670
francisco,san,49ers,giants,padres,diego,yankees,dodgers,seattle,cubs,york
externally,hood,vented,hoods,broan
colorado,rockies,avalanche,portland
plantronics,headset
level,levels
effects,effect
clancy,splinter,tomorrow,tom,recon,endwar,warfighter
shredder,crosscut,shred,microcut
image,sharper
efficiency,cycle,washer,steamwasher
dynamic,dynamics,beyerdynamic
keys,sensitive
keurig,cups,timothy
framed,highland,gridiron,commemorative,rink,coins,mint
cone,polypropylene,polyolefine,cones
honda,acura,later,vehicles,isuzu,toyota,volkswagen
rico,barbecue
princess,princesses
cellar,bottle,wine
xentris,a957,a855
vacuums,vacuum,filtrete,canister
safe,sentrysafe
receivers,receiver
multiformat,scan,upconversion
happy,slaphappy,kwanzaa,hanukkah
defender,defenders,otterbox,commuter
sigma,dg
optoma,dmd,ezpro,vivitek
chest,chester
made,acme
final,finale,fantasy
detachable,mosfet50,faceplate
commuter,otterbox,defender
variable,multichannel,bridgeable
spongebob,squarepants,squarepantis,sponge,pants
freeagent,seagate,goflex,blackarmor
drives,greendrive
upconversion,upconvert,scan,progressive,jpeg,multiformat
240hz,480hz,120hz,1080p,hz,unisen,600hz,quattron,60hz
toyota,later,vehicles,1985,1984,1982,honda,1986,isuzu,pontiac,1990,lexus,plymouth,1989,1992,volkswagen,volvo,metra,nissan
broan,externally,hood
speck,seethru,candyshell,fabshell
seen,as
sdram,udimm,pc133,x16,gddr2,ddr2,ddr3,pc3200,dimm,pc6400,pc2100,pc2700,valueram,sodimm,pc100,pc2,mushkin,10600,crucial,pc3500,hyperx,pc5300
honeywell,quietcare
crossover,crossovers
spider,spiderwick,spiderman
simple,simply
sdhc,microsdhc,sdxc,uhs
planet,planetside
turntable,turntables
randall,18w,mts
filtrete,vacuums,3m
fantasy,phantasy,final
converter,teleconverter
technica,technical,technics
rangers,yankees,mets,ranger
heroes,skyheroes
100w,900w,320w,1100w,200w,120w,420w,500w,80w
nissan,vehicles,toyota
gumy,aerosport,iclear,earbuds
curve,8520,8530,blackberry
briefcase,brief
subwoofers,subwoofer
smooth,smoothie
learning,learn
gopro,hero2
florida,michigan,ohio,carolina,iowa,alabama,nebraska,wisconsin,arkansas,louisiana,kentucky,penn,auburn,georgia,purdue,clemson,maryland,connecticut,nc,utah,lsu,byu,syracuse,miami,nittany,oklahoma,buckeyes,missouri,virginia,kansas,louisville
condenser,cardioid,microphones,supercardioid
boost,zboost
beats,dre
speakerphone,polycom,caller
readers,ereaders,kindle,ereader
purifier,purifiers,blueair,zŌn,smokestop
outfitters,riot
cellstar,cellsuit,cellstik
user,users
shoulder,should
ihome,ihome2go
feliz,día,cumpleaños,navidad,felices,reyes,lawnmower,slaphappy,muchas,kwanzaa,madre,digitally,graduation,reuse,graduate,wishes,gifted,gracias,hanukkah,thanks,recycle,dazzling,congratulations,thank,twinkle
champion,champions
waiting,caller,visys,id,answering,cortelco,clearsounds,gigarange,9ghz,call,trimline
razor,razors,scooter
pine,dart
noise,canceling,cancelling
musicskins,explodingdog,eyed,skin
